{
  "lin_iso": {
    "n_sims": 50,
    "mean_rgb_mse": 0.007859212215407752,
    "mean_conc_mse": 2.6118911362505438e-05,
    "param_recovery_rate": 0.16,
    "chosen_sim_indices": [
      0,
      1,
      2,
      3,
      4,
      5,
      6,
      7,
      8,
      9,
      10,
      11,
      12,
      13,
      14,
      15,
      16,
      17,
      18,
      19,
      20,
      21,
      22,
      23,
      24,
      25,
      26,
      27,
      28,
      29,
      30,
      31,
      32,
      33,
      34,
      35,
      36,
      37,
      38,
      39,
      40,
      41,
      42,
      43,
      44,
      45,
      46,
      47,
      48,
      49
    ]
  },
  "exp_iso": {
    "n_sims": 50,
    "mean_rgb_mse": 0.027379726967774333,
    "mean_conc_mse": 0.00041858550822905597,
    "param_recovery_rate": 0.3,
    "chosen_sim_indices": [
      0,
      1,
      2,
      3,
      4,
      5,
      6,
      7,
      8,
      9,
      10,
      11,
      12,
      13,
      14,
      15,
      16,
      17,
      18,
      19,
      20,
      21,
      22,
      23,
      24,
      25,
      26,
      27,
      28,
      29,
      30,
      31,
      32,
      33,
      34,
      35,
      36,
      37,
      38,
      39,
      40,
      41,
      42,
      43,
      44,
      45,
      46,
      47,
      48,
      49
    ]
  },
  "concrete": {
    "n_sims": 50,
    "mean_rgb_mse": 0.003124613342952216,
    "mean_conc_mse": 1.1015695453960081e-05,
    "param_recovery_rate": 0.06,
    "chosen_sim_indices": [
      0,
      1,
      2,
      3,
      4,
      5,
      6,
      7,
      8,
      9,
      10,
      11,
      12,
      13,
      14,
      15,
      16,
      17,
      18,
      19,
      20,
      21,
      22,
      23,
      24,
      25,
      26,
      27,
      28,
      29,
      30,
      31,
      32,
      33,
      34,
      35,
      36,
      37,
      38,
      39,
      40,
      41,
      42,
      43,
      44,
      45,
      46,
      47,
      48,
      49
    ]
  }
}